cancer_type,diagnosis_challenge,incidence,mortality,survival,mortality_ratio,initial_care,continuing_care,last_year_of_life,insight_1,insight_2,insight_3,insight_4,ml_cluster
Pancreas,High,12.06,9.97,0.09,0.83,108166,18427,125031,Deep anatomical location makes early detection difficult,Few or no symptoms in early stages,Symptoms can mimic less serious digestive conditions,No routine screening test for the general population,High Burden Cluster
Liver and Intrahepatic Bile Duct,High,11.06,8.33,0.19,0.75,62776,18219,92134,Often diagnosed at later stages,Underlying liver disease such as cirrhosis or hepatitis complicates treatment,Treatment options become limited when advanced,Higher risk of recurrence,High Burden Cluster
Lung and Bronchus,Moderate-High,53.77,37.13,0.21,0.69,68293,12389,110248,Often detected at later stages,Aggressive tumor biology contributes to rapid progression,Curative treatment options are limited once advanced,High incidence contributes to large mortality burden,High Burden Cluster
Colon and Rectum,Moderate,43.11,15.47,0.67,0.36,66524,6246,110144,Effective screening methods enable early detection,Precancerous polyps can be identified and removed,Earlier diagnosis improves treatment success,Advances in treatment have steadily improved survival,Moderate Burden Cluster
Non-Hodgkin Lymphoma,Moderate,16.39,5.07,0.73,0.31,75164,12805,144707,Includes several slow-growing subtypes,Many forms respond well to chemotherapy,Long-term disease management is often possible,Advances in treatment have improved survival outcomes,Moderate Burden Cluster
Urinary Bladder,Moderate,14.81,3.43,0.8,0.23,26443,6350,95985,Symptoms such as blood in the urine often appear early,Many cases are detected before invasive spread,A high proportion are non-muscle-invasive at diagnosis,Early-stage disease generally has a favorable prognosis,Moderate Burden Cluster
Prostate,Low,127.66,23.34,0.99,0.18,28109,2603,74227,Many prostate tumors grow slowly,PSA testing supports early detection,Effective treatment options are widely available,Early-stage disease has excellent outcomes,Lower Burden Cluster
Female Breast,Low,110.44,19.3,0.92,0.17,34980,3540,76101,Mammography supports early detection,Screening often identifies tumors before they spread,Early treatment significantly improves outcomes,Advances in targeted and hormone therapies improve survival,Lower Burden Cluster
Melanomas of the Skin,Low,8.53,1.24,0.95,0.15,8537,2707,78912,Survival is excellent when detected before spread,Early-stage melanoma can often be cured with surgery,Early detection is critical for favorable outcomes,Modern immunotherapies have improved advanced-stage survival,Moderate Burden Cluster
