Cancer_Type,Year,incidence_rate,mortality_rate
Colon and Rectum,1999,52.589999999999996,18.94
Colon and Rectum,2000,51.11,18.94
Colon and Rectum,2001,51.089999999999996,18.69
Colon and Rectum,2002,50.339999999999996,18.82
Colon and Rectum,2003,49.989999999999995,18.04
Colon and Rectum,2004,48.79,17.26
Colon and Rectum,2005,47.48,17.13
Colon and Rectum,2006,47.35,16.630000000000003
Colon and Rectum,2007,46.2,16.43
Colon and Rectum,2008,45.489999999999995,16.81
Colon and Rectum,2009,43.82,15.98
Colon and Rectum,2010,42.46,15.6
Colon and Rectum,2011,41.81,15.569999999999999
Colon and Rectum,2012,40.13,14.86
Colon and Rectum,2013,40.14,15.05
Colon and Rectum,2014,39.989999999999995,14.25
Colon and Rectum,2015,39.94,14.45
Colon and Rectum,2016,39.739999999999995,13.75
Colon and Rectum,2017,38.65,13.87
Colon and Rectum,2018,38.15,12.583333333333334
Colon and Rectum,2019,37.72,12.191666666666668
Colon and Rectum,2020,33.410000000000004,12.583333333333334
Colon and Rectum,2021,37.72,13.049999999999999
Colon and Rectum,2022,36.81,12.625
Colon and Rectum,2023,36.81,12.558333333333335
Female Breast,1999,107.1,21.740000000000002
Female Breast,2000,104.88,21.259999999999998
Female Breast,2001,105.55999999999999,20.919999999999998
Female Breast,2002,106.04,21.18
Female Breast,2003,102.34,21.259999999999998
Female Breast,2004,101.88,20.94
Female Breast,2005,102.3,20.8
Female Breast,2006,103.28,19.880000000000003
Female Breast,2007,106.82000000000001,19.380000000000003
Female Breast,2008,106.74000000000001,19.34
Female Breast,2009,106.94000000000001,18.94
Female Breast,2010,106.25999999999999,18.72
Female Breast,2011,110.17999999999999,18.52
Female Breast,2012,110.17999999999999,18.380000000000003
Female Breast,2013,112.98000000000002,17.880000000000003
Female Breast,2014,113.34,18.119999999999997
Female Breast,2015,114.4,18.52
Female Breast,2016,114.17999999999999,18.02
Female Breast,2017,115.3,17.94
Female Breast,2018,116.44000000000001,18.966666666666665
Female Breast,2019,120.16,18.433333333333334
Female Breast,2020,108.52000000000001,18.2
Female Breast,2021,124.04,19.383333333333333
Female Breast,2022,120.58,17.5
Female Breast,2023,120.58,18.2
Liver and Intrahepatic Bile Duct,1999,8.53,6.93
Liver and Intrahepatic Bile Duct,2000,8.77,7.5200000000000005
Liver and Intrahepatic Bile Duct,2001,9.059999999999999,7.49
Liver and Intrahepatic Bile Duct,2002,9.02,7.470000000000001
Liver and Intrahepatic Bile Duct,2003,9.28,7.68
Liver and Intrahepatic Bile Duct,2004,10.17,8.09
Liver and Intrahepatic Bile Duct,2005,10.040000000000001,7.87
Liver and Intrahepatic Bile Duct,2006,10.1,7.85
Liver and Intrahepatic Bile Duct,2007,10.9,7.88
Liver and Intrahepatic Bile Duct,2008,11.110000000000001,8.15
Liver and Intrahepatic Bile Duct,2009,11.709999999999999,8.209999999999999
Liver and Intrahepatic Bile Duct,2010,11.709999999999999,8.73
Liver and Intrahepatic Bile Duct,2011,11.86,8.53
Liver and Intrahepatic Bile Duct,2012,11.739999999999998,8.78
Liver and Intrahepatic Bile Duct,2013,12.08,9.03
Liver and Intrahepatic Bile Duct,2014,12.67,8.809999999999999
Liver and Intrahepatic Bile Duct,2015,13.05,8.93
Liver and Intrahepatic Bile Duct,2016,12.85,8.98
Liver and Intrahepatic Bile Duct,2017,12.469999999999999,8.9
Liver and Intrahepatic Bile Duct,2018,12.49,9.154545454545454
Liver and Intrahepatic Bile Duct,2019,12.62,9.227272727272727
Liver and Intrahepatic Bile Duct,2020,11.290000000000001,9.208333333333334
Liver and Intrahepatic Bile Duct,2021,11.629999999999999,8.575000000000001
Liver and Intrahepatic Bile Duct,2022,10.620000000000001,8.383333333333333
Liver and Intrahepatic Bile Duct,2023,10.620000000000001,7.866666666666666
Lung and Bronchus,1999,59.95,46.540000000000006
Lung and Bronchus,2000,59.029999999999994,45.37
Lung and Bronchus,2001,59.379999999999995,45.81
Lung and Bronchus,2002,59.08,45.010000000000005
Lung and Bronchus,2003,59.489999999999995,44.33
Lung and Bronchus,2004,59.69,44.86
Lung and Bronchus,2005,59.4,43.910000000000004
Lung and Bronchus,2006,58.35,42.160000000000004
Lung and Bronchus,2007,57.95,42.4
Lung and Bronchus,2008,57.94,41.68
Lung and Bronchus,2009,56.75,39.53
Lung and Bronchus,2010,56.42,39.730000000000004
Lung and Bronchus,2011,54.94,38.65
Lung and Bronchus,2012,53.96,37.910000000000004
Lung and Bronchus,2013,53.779999999999994,36.56
Lung and Bronchus,2014,52.56,35.55
Lung and Bronchus,2015,51.9,34.43
Lung and Bronchus,2016,50.269999999999996,32.65
Lung and Bronchus,2017,50.42,31.05
Lung and Bronchus,2018,49.260000000000005,28.90833333333333
Lung and Bronchus,2019,49.07,27.95
Lung and Bronchus,2020,43.04,26.991666666666664
Lung and Bronchus,2021,45.260000000000005,25.741666666666664
Lung and Bronchus,2022,43.12,25.833333333333332
Lung and Bronchus,2023,43.12,24.608333333333334
Melanomas of the Skin,1999,6.17,1.5
Melanomas of the Skin,2000,6.94,1.3857142857142857
Melanomas of the Skin,2001,6.9799999999999995,1.5166666666666666
Melanomas of the Skin,2002,7.08,1.2375
Melanomas of the Skin,2003,7.07,1.4285714285714286
Melanomas of the Skin,2004,7.529999999999999,1.5333333333333332
Melanomas of the Skin,2005,7.9,1.3250000000000002
Melanomas of the Skin,2006,7.93,1.3375
Melanomas of the Skin,2007,8.209999999999999,1.3125
Melanomas of the Skin,2008,8.129999999999999,1.4000000000000001
Melanomas of the Skin,2009,8.15,1.3375
Melanomas of the Skin,2010,8.48,1.3
Melanomas of the Skin,2011,8.76,1.3333333333333333
Melanomas of the Skin,2012,8.790000000000001,1.2625000000000002
Melanomas of the Skin,2013,9.11,1.2625
Melanomas of the Skin,2014,9.3,1.2375
Melanomas of the Skin,2015,9.9,1.1625
Melanomas of the Skin,2016,9.719999999999999,1.0750000000000002
Melanomas of the Skin,2017,9.78,1.05
Melanomas of the Skin,2018,9.6,1.0625
Melanomas of the Skin,2019,10.0,0.975
Melanomas of the Skin,2020,8.870000000000001,1.0375
Melanomas of the Skin,2021,9.879999999999999,1.0
Melanomas of the Skin,2022,9.5,1.0
Melanomas of the Skin,2023,9.5,0.9500000000000001
Non-Hodgkin Lymphoma,1999,15.919999999999998,6.3
Non-Hodgkin Lymphoma,2000,15.66,6.590000000000001
Non-Hodgkin Lymphoma,2001,16.03,6.51
Non-Hodgkin Lymphoma,2002,15.99,5.62
Non-Hodgkin Lymphoma,2003,17.080000000000002,5.71
Non-Hodgkin Lymphoma,2004,16.56,5.59
Non-Hodgkin Lymphoma,2005,16.919999999999998,5.55
Non-Hodgkin Lymphoma,2006,16.169999999999998,5.470000000000001
Non-Hodgkin Lymphoma,2007,16.4,5.470000000000001
Non-Hodgkin Lymphoma,2008,16.77,5.029999999999999
Non-Hodgkin Lymphoma,2009,16.89,5.24
Non-Hodgkin Lymphoma,2010,17.04,4.970000000000001
Non-Hodgkin Lymphoma,2011,16.75,4.9
Non-Hodgkin Lymphoma,2012,16.8,4.95
Non-Hodgkin Lymphoma,2013,16.630000000000003,4.92
Non-Hodgkin Lymphoma,2014,16.77,4.720000000000001
Non-Hodgkin Lymphoma,2015,17.130000000000003,4.82
Non-Hodgkin Lymphoma,2016,16.759999999999998,4.62
Non-Hodgkin Lymphoma,2017,16.48,4.46
Non-Hodgkin Lymphoma,2018,16.68,4.43
Non-Hodgkin Lymphoma,2019,16.73,4.463636363636364
Non-Hodgkin Lymphoma,2020,15.23,4.33
Non-Hodgkin Lymphoma,2021,15.930000000000001,4.15
Non-Hodgkin Lymphoma,2022,15.25,3.8600000000000003
Non-Hodgkin Lymphoma,2023,15.25,4.081818181818182
Pancreas,1999,10.64,9.73
Pancreas,2000,10.959999999999999,9.5
Pancreas,2001,10.57,9.4
Pancreas,2002,10.72,9.73
Pancreas,2003,11.040000000000001,9.57
Pancreas,2004,11.58,10.11
Pancreas,2005,11.35,10.22
Pancreas,2006,11.370000000000001,10.1
Pancreas,2007,11.55,10.1
Pancreas,2008,11.72,9.84
Pancreas,2009,11.75,9.76
Pancreas,2010,11.98,10.18
Pancreas,2011,12.27,10.02
Pancreas,2012,11.86,10.08
Pancreas,2013,12.370000000000001,10.03
Pancreas,2014,12.49,9.91
Pancreas,2015,12.8,10.3
Pancreas,2016,13.02,10.42
Pancreas,2017,12.78,10.059999999999999
Pancreas,2018,13.16,9.775
Pancreas,2019,13.209999999999999,9.616666666666667
Pancreas,2020,13.26,10.174999999999999
Pancreas,2021,13.290000000000001,10.475
Pancreas,2022,12.88,10.225
Pancreas,2023,12.88,9.908333333333333
Prostate,1999,158.76000000000002,31.3
Prostate,2000,161.56,30.919999999999998
Prostate,2001,162.57999999999998,31.04
Prostate,2002,163.4,29.2
Prostate,2003,151.16,28.76
Prostate,2004,148.74,27.839999999999996
Prostate,2005,143.06,27.759999999999998
Prostate,2006,148.6,25.76
Prostate,2007,153.22,26.080000000000002
Prostate,2008,143.72,24.880000000000003
Prostate,2009,139.34,23.46
Prostate,2010,130.24,23.06
Prostate,2011,128.57999999999998,22.6
Prostate,2012,109.6,20.939999999999998
Prostate,2013,106.1,20.6
Prostate,2014,97.86,20.36
Prostate,2015,100.55999999999999,20.46
Prostate,2016,101.58000000000001,20.46
Prostate,2017,105.78,19.52
Prostate,2018,106.14000000000001,18.933333333333334
Prostate,2019,109.67999999999999,17.733333333333334
Prostate,2020,94.76,18.516666666666666
Prostate,2021,109.64000000000001,18.316666666666666
Prostate,2022,108.38,17.583333333333332
Prostate,2023,108.38,17.400000000000002
Urinary Bladder,1999,15.280000000000001,3.5444444444444443
Urinary Bladder,2000,15.25,3.425
Urinary Bladder,2001,15.219999999999999,3.6125
Urinary Bladder,2002,15.2,3.6666666666666665
Urinary Bladder,2003,15.209999999999999,3.466666666666667
Urinary Bladder,2004,15.14,3.4875
Urinary Bladder,2005,15.580000000000002,3.566666666666667
Urinary Bladder,2006,15.189999999999998,3.6222222222222222
Urinary Bladder,2007,15.319999999999999,3.611111111111111
Urinary Bladder,2008,15.280000000000001,3.477777777777778
Urinary Bladder,2009,15.49,3.5
Urinary Bladder,2010,14.930000000000001,3.6555555555555554
Urinary Bladder,2011,15.13,3.5888888888888886
Urinary Bladder,2012,15.309999999999999,3.4444444444444446
Urinary Bladder,2013,15.35,3.5444444444444443
Urinary Bladder,2014,15.190000000000001,3.3899999999999997
Urinary Bladder,2015,15.16,3.3
Urinary Bladder,2016,15.0,3.688888888888889
Urinary Bladder,2017,14.86,3.4200000000000004
Urinary Bladder,2018,14.27,3.1100000000000003
Urinary Bladder,2019,14.23,3.2333333333333334
Urinary Bladder,2020,13.040000000000001,3.17
Urinary Bladder,2021,13.84,3.3
Urinary Bladder,2022,12.95,3.08
Urinary Bladder,2023,12.95,2.93
